{
  "swagger" : "2.0",
  "info" : {
    "version" : "1.0",
    "title" : "Summary about the new REST service.",
    "description" : "Summary about the new REST service."
  },
  "host" : "localhost:8080",
  "basePath" : "/",
  "schemes" : [ "http" ],
  "paths" : {
    "/service_rest" : {
      "post" : {
        "description" : "",
        "operationId" : "post-service_rest",
        "consumes" : [ "application/json" ],
        "produces" : [ "application/json" ],
        "parameters" : [ {
          "name" : "body",
          "in" : "body",
          "description" : "",
          "schema" : {
            "$ref" : "#/definitions/restResource"
          },
          "required" : true
        } ],
        "responses" : {
          "200" : {
            "description" : "a restResource to be returned",
            "schema" : {
              "$ref" : "#/definitions/restResource"
            },
            "headers" : { }
          },
          "400" : {
            "description" : "Bad Request",
            "schema" : {
              "type" : "string"
            }
          },
          "401" : {
            "description" : "Unauthorized",
            "schema" : {
              "type" : "string"
            }
          },
          "403" : {
            "description" : "Forbidden",
            "schema" : {
              "type" : "string"
            }
          },
          "404" : {
            "description" : "Not Found",
            "schema" : {
              "type" : "string"
            }
          },
          "500" : {
            "description" : "Internal Server Error",
            "schema" : {
              "type" : "string"
            }
          },
          "412" : {
            "description" : "Precondition Failed",
            "schema" : {
              "type" : "string"
            }
          }
        }
      },
      "get" : {
        "description" : "",
        "operationId" : "get-service_rest",
        "consumes" : [ "application/json" ],
        "produces" : [ "application/json" ],
        "parameters" : [ {
          "name" : "transactionId",
          "in" : "query",
          "description" : "",
          "type" : "string",
          "required" : false
        } ],
        "responses" : {
          "200" : {
            "description" : "a restResource to be returned",
            "schema" : {
              "$ref" : "#/definitions/restResource"
            },
            "headers" : { }
          },
          "400" : {
            "description" : "Bad Request",
            "schema" : {
              "type" : "string"
            }
          },
          "401" : {
            "description" : "Unauthorized",
            "schema" : {
              "type" : "string"
            }
          },
          "403" : {
            "description" : "Forbidden",
            "schema" : {
              "type" : "string"
            }
          },
          "404" : {
            "description" : "Not Found",
            "schema" : {
              "type" : "string"
            }
          },
          "500" : {
            "description" : "Internal Server Error",
            "schema" : {
              "type" : "string"
            }
          },
          "412" : {
            "description" : "Precondition Failed",
            "schema" : {
              "type" : "string"
            }
          }
        }
      },
      "put" : {
        "description" : "",
        "operationId" : "put-service_rest",
        "consumes" : [ "application/json" ],
        "produces" : [ "application/json" ],
        "parameters" : [ {
          "name" : "body",
          "in" : "body",
          "description" : "",
          "schema" : {
            "$ref" : "#/definitions/restResource"
          },
          "required" : true
        } ],
        "responses" : {
          "200" : {
            "description" : "a string to be returned",
            "schema" : {
              "type" : "string"
            },
            "headers" : { }
          },
          "400" : {
            "description" : "Bad Request",
            "schema" : {
              "type" : "string"
            }
          },
          "401" : {
            "description" : "Unauthorized",
            "schema" : {
              "type" : "string"
            }
          },
          "403" : {
            "description" : "Forbidden",
            "schema" : {
              "type" : "string"
            }
          },
          "404" : {
            "description" : "Not Found",
            "schema" : {
              "type" : "string"
            }
          },
          "500" : {
            "description" : "Internal Server Error",
            "schema" : {
              "type" : "string"
            }
          },
          "412" : {
            "description" : "Precondition Failed",
            "schema" : {
              "type" : "string"
            }
          }
        }
      },
      "delete" : {
        "description" : "",
        "operationId" : "delete-service_rest",
        "consumes" : [ "application/json" ],
        "produces" : [ "application/json" ],
        "parameters" : [ {
          "name" : "transactionId",
          "in" : "query",
          "description" : "",
          "type" : "string",
          "required" : false
        } ],
        "responses" : {
          "200" : {
            "description" : "a restResource to be returned",
            "schema" : {
              "$ref" : "#/definitions/restResource"
            },
            "headers" : { }
          },
          "400" : {
            "description" : "Bad Request",
            "schema" : {
              "type" : "string"
            }
          },
          "401" : {
            "description" : "Unauthorized",
            "schema" : {
              "type" : "string"
            }
          },
          "403" : {
            "description" : "Forbidden",
            "schema" : {
              "type" : "string"
            }
          },
          "404" : {
            "description" : "Not Found",
            "schema" : {
              "type" : "string"
            }
          },
          "500" : {
            "description" : "Internal Server Error",
            "schema" : {
              "type" : "string"
            }
          },
          "412" : {
            "description" : "Precondition Failed",
            "schema" : {
              "type" : "string"
            }
          }
        }
      }
    }
  },
  "definitions" : {
    "destinationEntities" : {
      "type" : "object",
      "properties" : {
        "destinationEntityName" : {
          "type" : "array",
          "items" : {
            "type" : "string",
            "uniqueItems" : false
          }
        }
      }
    },
    "additionalInformation" : {
      "type" : "object",
      "properties" : {
        "name" : {
          "type" : "string"
        },
        "value" : {
          "type" : "string"
        },
        "description" : {
          "type" : "string"
        },
        "type" : {
          "type" : "string"
        }
      }
    },
    "fromEntity" : {
      "type" : "object",
      "properties" : {
        "destinationEntities" : {
          "$ref" : "#/definitions/destinationEntities"
        }
      }
    },
    "requestPayload" : {
      "type" : "object",
      "required" : [ "searchCondition" ],
      "properties" : {
        "searchCondition" : {
          "type" : "array",
          "items" : {
            "$ref" : "#/definitions/searchCondition",
            "uniqueItems" : false
          }
        },
        "filterCondition" : {
          "$ref" : "#/definitions/filterCondition"
        },
        "fromEntity" : {
          "$ref" : "#/definitions/fromEntity"
        }
      }
    },
    "responsePayload" : {
      "type" : "object",
      "properties" : {
        "responseMessage" : {
          "type" : "string"
        },
        "source" : {
          "type" : "string"
        },
        "resultingState" : {
          "type" : "string"
        },
        "timeStamp" : {
          "type" : "string"
        },
        "additionalInformation" : {
          "type" : "array",
          "items" : {
            "$ref" : "#/definitions/additionalInformation",
            "uniqueItems" : false
          }
        },
        "entity" : {
          "type" : "string"
        }
      }
    },
    "searchCondition" : {
      "type" : "object",
      "properties" : {
        "criteria" : {
          "type" : "array",
          "items" : {
            "$ref" : "#/definitions/criteria",
            "uniqueItems" : false
          }
        }
      }
    },
    "criteria" : {
      "type" : "object",
      "properties" : {
        "name" : {
          "type" : "string"
        },
        "descritption" : {
          "type" : "string"
        },
        "conditionalOperator" : {
          "type" : "string"
        },
        "value" : {
          "type" : "array",
          "items" : {
            "type" : "string",
            "uniqueItems" : false
          }
        }
      }
    },
    "operationResponse" : {
      "type" : "object",
      "properties" : {
        "header" : {
          "$ref" : "#/definitions/header"
        },
        "responsePayload" : {
          "$ref" : "#/definitions/responsePayload"
        }
      }
    },
    "fault" : {
      "type" : "object",
      "properties" : {
        "fault" : {
          "$ref" : "#/definitions/fault"
        }
      }
    },
    "routeInformation" : {
      "type" : "object",
      "properties" : {
        "name" : {
          "type" : "string"
        },
        "value" : {
          "type" : "string"
        },
        "description" : {
          "type" : "string"
        },
        "type" : {
          "type" : "string"
        }
      }
    },
    "messageProperty" : {
      "type" : "object",
      "properties" : {
        "name" : {
          "type" : "string"
        },
        "value" : {
          "type" : "string"
        },
        "description" : {
          "type" : "string"
        },
        "type" : {
          "type" : "string"
        }
      }
    },
    "baseEntityInformation" : {
      "type" : "object",
      "required" : [ "iD" ],
      "properties" : {
        "iD" : {
          "type" : "string"
        },
        "name" : {
          "type" : "string"
        },
        "description" : {
          "type" : "string"
        },
        "type" : {
          "type" : "string"
        },
        "additionalInformation" : {
          "type" : "array",
          "items" : {
            "$ref" : "#/definitions/additionalInformation",
            "uniqueItems" : false
          }
        }
      }
    },
    "security" : {
      "type" : "object",
      "properties" : {
        "name" : {
          "type" : "string"
        },
        "value" : {
          "type" : "string"
        },
        "description" : {
          "type" : "string"
        },
        "type" : {
          "type" : "string"
        }
      }
    },
    "operationRequest" : {
      "type" : "object",
      "properties" : {
        "header" : {
          "$ref" : "#/definitions/header"
        },
        "requestPayload" : {
          "$ref" : "#/definitions/requestPayload"
        }
      }
    },
    "provider" : {
      "type" : "object",
      "properties" : {
        "name" : {
          "type" : "string"
        },
        "value" : {
          "type" : "string"
        },
        "description" : {
          "type" : "string"
        },
        "type" : {
          "type" : "string"
        }
      }
    },
    "filterCondition" : {
      "type" : "object",
      "properties" : {
        "criteria" : {
          "$ref" : "#/definitions/criteria"
        },
        "name" : {
          "type" : "string"
        },
        "description" : {
          "type" : "string"
        },
        "conditionalOperator" : {
          "type" : "string"
        },
        "value" : {
          "type" : "string"
        },
        "attribute" : {
          "type" : "array",
          "items" : {
            "$ref" : "#/definitions/attribute",
            "uniqueItems" : false
          }
        }
      }
    },
    "header" : {
      "type" : "object",
      "properties" : {
        "baseEntityInformation" : {
          "$ref" : "#/definitions/baseEntityInformation"
        },
        "interfaceId" : {
          "type" : "string"
        },
        "transactionId" : {
          "type" : "string"
        },
        "activityName" : {
          "type" : "string"
        },
        "msgType" : {
          "type" : "string"
        },
        "priority" : {
          "type" : "string"
        },
        "activityStatusEnum" : {
          "type" : "string"
        },
        "routeInformation" : {
          "type" : "array",
          "items" : {
            "$ref" : "#/definitions/routeInformation",
            "uniqueItems" : false
          }
        },
        "messageProperty" : {
          "type" : "array",
          "items" : {
            "$ref" : "#/definitions/messageProperty",
            "uniqueItems" : false
          }
        },
        "security" : {
          "type" : "array",
          "items" : {
            "$ref" : "#/definitions/security",
            "uniqueItems" : false
          }
        },
        "timeStamp" : {
          "type" : "string"
        },
        "replyToURI" : {
          "type" : "string"
        },
        "consumer" : {
          "type" : "array",
          "items" : {
            "$ref" : "#/definitions/consumer",
            "uniqueItems" : false
          }
        },
        "provider" : {
          "type" : "array",
          "items" : {
            "$ref" : "#/definitions/provider",
            "uniqueItems" : false
          }
        },
        "additionalInformation" : {
          "type" : "array",
          "items" : {
            "$ref" : "#/definitions/additionalInformation",
            "uniqueItems" : false
          }
        }
      }
    },
    "attribute" : {
      "type" : "object",
      "properties" : {
        "name" : {
          "type" : "array",
          "items" : {
            "type" : "string",
            "uniqueItems" : false
          }
        },
        "value" : {
          "type" : "array",
          "items" : {
            "type" : "string",
            "uniqueItems" : false
          }
        }
      }
    },
    "restResource" : {
      "type" : "object",
      "properties" : {
        "operationRequest" : {
          "$ref" : "#/definitions/operationRequest"
        },
        "operationResponse" : {
          "$ref" : "#/definitions/operationResponse"
        },
        "fault" : {
          "$ref" : "#/definitions/fault"
        }
      }
    },
    "consumer" : {
      "type" : "object",
      "properties" : {
        "name" : {
          "type" : "string"
        },
        "value" : {
          "type" : "string"
        },
        "description" : {
          "type" : "string"
        },
        "type" : {
          "type" : "string"
        }
      }
    }
  }
}