{
    "records": [{
        "name": "Cloud",
        "items": [],
        "url": "https://integration.cloud.tibco.com:443"
    }],
    "resources": [
        {
            "location": "Service Descriptors/tibco.cle.uihandler.implementation.LogHandlerService-LogHandlerService.json",
            "type": "generated"
        },
        {
            "location": "Service Descriptors/tibco.cle.uihandler.implementation.ExceptionConfigService-ExceptionConfigService.json",
            "type": "generated"
        },
        {
            "location": "Service Descriptors/tibco.cle.uihandler.implementation.InterfaceConfigService-InterfaceConfigService.json",
            "type": "generated"
        },
        {
            "location": "Service Descriptors/tibco.cle.uihandler.implementation.ExceptionHandlerService-ErrorHandlerService.json",
            "type": "generated"
        }
    ]
}