{
  "swagger" : "2.0",
  "info" : {
    "version" : "1.0",
    "title" : "Summary about the new REST service.",
    "description" : "Summary about the new REST service."
  },
  "host" : "localhost:8080",
  "basePath" : "/",
  "schemes" : [ "http" ],
  "paths" : {
    "/loghandlerservice" : {
      "get" : {
        "description" : "",
        "operationId" : "get-loghandlerservice",
        "consumes" : [ "application/json" ],
        "produces" : [ "application/json" ],
        "parameters" : [ {
          "name" : "Page",
          "in" : "query",
          "description" : "",
          "type" : "string",
          "required" : false
        }, {
          "name" : "LogTimeStampTo",
          "in" : "query",
          "description" : "",
          "type" : "string",
          "required" : false
        }, {
          "name" : "InterfaceID",
          "in" : "query",
          "description" : "",
          "type" : "string",
          "required" : false
        }, {
          "name" : "LogTimeStampFrom",
          "in" : "query",
          "description" : "",
          "type" : "string",
          "required" : false
        }, {
          "name" : "AllPages",
          "in" : "query",
          "description" : "",
          "type" : "boolean",
          "required" : false
        }, {
          "name" : "TransactionID",
          "in" : "query",
          "description" : "",
          "type" : "string",
          "required" : false
        } ],
        "responses" : {
          "200" : {
            "description" : "a CLEUILogMsgCollection to be returned",
            "schema" : {
              "$ref" : "#/definitions/CLEUILogMsgCollection"
            }
          },
          "400" : {
            "description" : "Bad Request"
          }
        }
      }
    }
  },
  "definitions" : {
    "LogMsgDescription" : {
      "type" : "object",
      "required" : [ "Status", "GeneralLogMsg", "OperationName", "LogTimeStamp", "TransactionID" ],
      "properties" : {
        "LogLevel" : {
          "type" : "string"
        },
        "GeneralLogMsg" : {
          "type" : "string"
        },
        "Status" : {
          "type" : "string"
        },
        "TransactionID" : {
          "type" : "string"
        },
        "ProcessName" : {
          "type" : "string"
        },
        "LogCorrelationID" : {
          "type" : "string"
        },
        "LogTimeStamp" : {
          "type" : "string"
        },
        "OperationName" : {
          "type" : "string"
        },
        "Payload" : {
          "type" : "string"
        },
        "BusinessKeys" : {
          "type" : "array",
          "items" : {
            "$ref" : "#/definitions/BusinessKeys",
            "uniqueItems" : false
          }
        }
      }
    },
    "LogMsgHeader" : {
      "type" : "object",
      "required" : [ "InterfaceId" ],
      "properties" : {
        "InterfaceId" : {
          "type" : "string"
        },
        "TransactionType" : {
          "type" : "string"
        },
        "TransactionDomain" : {
          "type" : "string"
        }
      }
    },
    "CLEUILogMsgCollection" : {
      "type" : "object",
      "properties" : {
        "LogMsgRequest" : {
          "type" : "array",
          "items" : {
            "$ref" : "#/definitions/LogMsgRequest",
            "uniqueItems" : false
          }
        },
        "NoOfPages" : {
          "type" : "integer"
        }
      }
    },
    "LogMsgRequest" : {
      "type" : "object",
      "properties" : {
        "LogMsgHeader" : {
          "$ref" : "#/definitions/LogMsgHeader"
        },
        "LogMsgDescription" : {
          "$ref" : "#/definitions/LogMsgDescription"
        }
      }
    },
    "BusinessKeys" : {
      "type" : "object",
      "required" : [ "Value", "Name" ],
      "properties" : {
        "Name" : {
          "type" : "string"
        },
        "Value" : {
          "type" : "string"
        }
      }
    }
  }
}